社員コード,社員名（姓）,社員名（名）,社員名カナ（姓）,社員名カナ（名）,役職,雇用区分,所属グループ
00000001,井上,玉枝,イノウエ,タマエ,取締役,役員,本社
00000002,出水,喜和子,イズミ,キワコ,役員,正社員,神奈川支社
00000003,五十嵐,春菜,イガラシ,ハルナ,部長,派遣社員,埼玉支社
00000004,斉田,典代,サイタ,ノリヨ,課長,アルバイト,千葉支社
00000005,田中,真理,タナカ,マリ,係長,パート,イオンモール名取エアリ店
00000006,新井,房江,アライ,フサエ,正社員,役員,営業部
00000007,芝田,明子,シバタ,アキコ,派遣社員,正社員,システム技業部
00000008,神田,清次,カンダ,キヨツグ,アルバイト,派遣社員,デザイン部
00000009,尾池,四郎,オイケ,シロウ,パート,アルバイト,本社
00000010,石川,花子,イシカワ,ハナコ,取締役,パート,神奈川支社
00000011,山下,丈太,ヤマシタ,ジョウタ,役員,役員,埼玉支社
00000012,中川,修作,ナカガワ,シュウサク,部長,正社員,千葉支社
00000013,円山,風子,マルヤマ,フウコ,課長,派遣社員,イオンモール名取エアリ店
00000014,安部,銀治,アベ,ギンジ,係長,アルバイト,営業部
00000015,御池,多美子,オイケ,タミコ,正社員,パート,システム技業部
00000016,川口,彩乃,カワグチ,アヤノ,派遣社員,役員,デザイン部
00000017,吉岡,明利,ヨシオカ,アキトシ,アルバイト,正社員,本社
00000018,大石,栄吉,オオイシ,エイキチ,パート,派遣社員,神奈川支社
00000019,御池,渚,オイケ,ナギサ,取締役,アルバイト,埼玉支社
00000020,斉藤,四郎,サイトウ,シロウ,役員,パート,千葉支社
00000021,工藤,和久,クドウ,カズヒト,部長,役員,イオンモール名取エアリ店
00000022,田中,久仁子,タナカ,クニコ,課長,正社員,営業部
00000023,中田,義男,ナカタ,ヨシオ,係長,派遣社員,システム技業部
00000024,渡辺,空馬,ワタナベ,クウマ,正社員,アルバイト,デザイン部
00000025,齋籐,絹子,サイトウ,キヌコ,派遣社員,パート,本社
00000026,鈴木,敦子,スズキ,アツコ,アルバイト,役員,神奈川支社
00000027,芝田,君江,シバタ,キミエ,パート,正社員,埼玉支社
00000028,齋籐,一俊,サイトウ,カズトシ,取締役,派遣社員,千葉支社
00000029,加藤,亜美子,カトウ,アミコ,役員,アルバイト,イオンモール名取エアリ店
00000030,井東,隆二,イトウ,リュウジ,部長,パート,営業部
00000031,竹多,常世,タケダ,ツネヨ,課長,役員,システム技業部
00000032,田村,成美,タムラ,ナルミ,係長,正社員,デザイン部
00000033,齋籐,松子,サイトウ,マツコ,正社員,派遣社員,本社
00000034,伊東,衛,イトウ,マモル,派遣社員,アルバイト,神奈川支社
00000035,遠藤,正一,エンドウ,ショウイチ,アルバイト,パート,埼玉支社
00000036,和田,五郎,ワダ,ゴロウ,パート,役員,千葉支社
00000037,橋本,勉,ハシモト,ツトム,取締役,正社員,イオンモール名取エアリ店
00000038,飯田,樹理,イイダ,ジュリ,役員,派遣社員,営業部
00000039,加藤,翠,カトウ,ミドリ,部長,アルバイト,システム技業部
00000040,渡辺,優香,ワタナベ,ユウカ,課長,パート,デザイン部
00000041,城石,宗和,シロイシ,ムネカズ,係長,役員,本社
00000042,上田,麻子,ウエダ,マコ,正社員,正社員,神奈川支社
00000043,嘉藤,正二,カトウ,ショウジ,派遣社員,派遣社員,埼玉支社
00000044,橋本,衣子,ハシモト,ヨリコ,アルバイト,アルバイト,千葉支社
00000045,多田,孝樹,タダ,コウキ,パート,パート,イオンモール名取エアリ店
00000046,富永,幸宏,トミナガ,ユキヒロ,取締役,役員,営業部
00000047,井藤,朱美,イトウ,アケミ,役員,正社員,システム技業部
00000048,斉藤,希子,サイトウ,キコ,部長,派遣社員,デザイン部
00000049,小林,沙耶香,コバヤシ,サヤカ,課長,アルバイト,本社
00000050,上田,慎吾,ウエダ,シンゴ,係長,パート,神奈川支社
00000051,八木,勇樹,ヤギ,ユウキ,正社員,役員,埼玉支社
00000052,宍戸,幸,シシド,サチ,派遣社員,正社員,千葉支社
00000053,斉藤,安佳里,サイトウ,アカリ,アルバイト,派遣社員,イオンモール名取エアリ店
00000054,岡田,奈美子,オカダ,ナミコ,パート,アルバイト,営業部
00000055,杉元,銀治,スギモト,ギンジ,取締役,パート,システム技業部
00000056,高橋,家康,タカハシ,イエヤス,役員,役員,デザイン部
00000057,大嶋,梓,オオシマ,アズサ,部長,正社員,本社
00000058,横田,文子,ヨコタ,フミコ,課長,派遣社員,神奈川支社
00000059,川島,加奈子,カワシマ,カナコ,係長,アルバイト,埼玉支社
00000060,神田,剛,カンダ,タケシ,正社員,パート,千葉支社
00000061,佐籐,梓,サトウ,アズサ,派遣社員,役員,イオンモール名取エアリ店
00000062,新井,正二,アライ,ショウジ,アルバイト,正社員,営業部
00000063,小野,浩二,オノ,コウジ,パート,派遣社員,システム技業部
00000064,村上,久兵衛,ムラカミ,キュウベエ,取締役,アルバイト,デザイン部
00000065,吉田,裕一郎,ヨシダ,ユウイチロウ,役員,パート,本社
00000066,田中,久一,タナカ,ヒサイチ,部長,役員,神奈川支社
00000067,守本,由利子,モリモト,ユリコ,課長,正社員,埼玉支社
00000068,市川,萌子,イチカワ,モエコ,係長,派遣社員,千葉支社
00000069,井藤,功,イトウ,イサオ,正社員,アルバイト,イオンモール名取エアリ店
00000070,桜井,久仁子,サクライ,クニコ,派遣社員,パート,営業部
00000071,遠堂,多絵子,エンドウ,タエコ,アルバイト,役員,システム技業部
00000072,古河,千鶴子,フルカワ,チズコ,パート,正社員,デザイン部
00000073,岩崎,亜美,イワサキ,アミ,取締役,派遣社員,本社
00000074,小松,啓介,コマツ,ケイスケ,役員,アルバイト,神奈川支社
00000075,原田,志乃,ハラダ,シノ,部長,パート,埼玉支社
00000076,白川,富子,シロカワ,トミコ,課長,役員,千葉支社
00000077,小泉,直美,コイズミ,ナオミ,係長,正社員,イオンモール名取エアリ店
00000078,松尾,賢一,マツオ,ケンイチ,正社員,派遣社員,営業部
00000079,藤原,重代,フジワラ,シゲヨ,派遣社員,アルバイト,システム技業部
00000080,大久保,大作,オオクボ,ダイサク,アルバイト,パート,デザイン部
00000081,小松,好美,コマツ,ヨシミ,パート,役員,本社
00000082,森,常世,モリ,ツネヨ,取締役,正社員,神奈川支社
00000083,大嶋,繁治,オオシマ,シゲハル,役員,派遣社員,埼玉支社
00000084,山本,千佐子,ヤマモト,チサコ,部長,アルバイト,千葉支社
00000085,萩原,一俊,ハギワラ,カズトシ,課長,パート,イオンモール名取エアリ店
00000086,安堂,一平,アンドウ,イッペイ,係長,役員,営業部
00000087,阿陪,幸子,アベ,サチコ,正社員,正社員,システム技業部
00000088,柴田,理子,シバタ,リコ,派遣社員,派遣社員,デザイン部
00000089,松井,多絵子,マツイ,タエコ,アルバイト,アルバイト,本社
00000090,高橋,春樹,タカハシ,ハルキ,パート,パート,神奈川支社
00000091,中島,綾人,ナカジマ,アヤト,取締役,役員,埼玉支社
00000092,橋本,五郎,ハシモト,ゴロウ,役員,正社員,千葉支社
00000093,中田,久世,ナカダ,ヒサヨ,部長,派遣社員,イオンモール名取エアリ店
00000094,金子,久美,カネコ,クミ,課長,アルバイト,営業部
00000095,安達,恭史郎,アダチ,キョウシロウ,係長,パート,システム技業部
00000096,吉岡,鈴香,ヨシオカ,スズカ,正社員,役員,デザイン部
00000097,松岡,妙,マツオカ,タエ,派遣社員,正社員,本社
00000098,佐籐,敦英,サトウ,アツヒデ,アルバイト,派遣社員,神奈川支社
00000099,城石,里穂,シロイシ,リホ,パート,アルバイト,埼玉支社
