社員コード,社員名（姓）,社員名（名）,社員名カナ（姓）,社員名カナ（名）,役職,雇用区分,所属グループ
,,,,,,,
４８８６１７７７,６９２８７９９８５７６５４７１５５９１４,７０１７０２２６６８４４９８１５５２９５,４３６６４２２５４４７５２９９７５６１１,３２１８５７７１２２２３６１７９５９５２,６３６７３５４４３７０３１４６６４６３０,８７６７５５１３９００３０１７０２１０５,２４２３６７３３５９５３４３２８１１４４９５０１６５２７９０１２７０９８６７１９９４７４８７２９１４
06068181,60320220799147441265,75145399734246224964,26705785509669358740,97149961855379899035,31391836747510603154,61477871025321077206,76065391757299299526133428328909346122818921133461
さぞぺしをろめづ,りどふゃらげおざごのしどよしぜつづでだご,けぱふとだもがぬぬすみりはこゆみじぬりぎ,ぱこざもっざゑひらむっせなごつなきっがろ,のさゎてゅにぞけめゅやこでもひげわちべい,ばぎゃかふごめせぇぬげびよゑっざうごやを,めこゐるおたるがゐこぉけやぃしぞべへくで,ねらぃさぅゃつぶぴそらぱをぱはつかゐくぇぬづょべまゅぶおぱせでふろつはぱなりぃさぞさこでとけぇつぴた
ボォオチゥヘアブ,ギヲヨキスパノバゥェカゴペナチムグケポダ,コペノノグポヨブドポレウクサハサベヰゴソ,グサオピハゴヒフビズダデベポセノィメザル,マデミセボュロホェケオクモゼユガチモェズ,ネミッジミミヂルケクオリメノナヘウスボロ,ドザサャコヮレタリッォュラシヒツスピグペ,ゲヂネネモゼジィイマプヒホヲユメクワアザヤヮワョヱオラプハトソズタオヴッワゾヱエスモワフワバィヘメヘ
臼皆悲砕帳浮舟虜,級翼概律隙嘱隊略刃波勾目拠配勅疫同誰企瓶,射困戸利完妻懇伯慄帽毀巣型善幾漂漬陪砕因,塊抜酢培群砂瀬詣腺庁必一秒掌研匿縛土休倉,脳寄剖巻酸相買誰姻碑業窯尉猫畔築叙法監績,融師蔽改釜演増幅登朝阻輝祥旬掌述頓変度瞳,門刊墾随酬迫暮哲焼襲禁中薬琴拉登宮領罰惧,腎仮食衛貴宣皇駆孤倹証消舟各伐累浪耐乳薪麻馬隷坪一撃踪賠返便跳到預章唱覧投緯朕婿江乾辺宵査洗腸販意南
CwuRlCEE,yHvsofiRTAzOZRHvxjYV,kFyuOjKycwzKlcHJwIJL,GOWMFhxmJDjuwciYQENW,FnDizllLJBRqiTTpaEUv,vbOqVFymhfRdbAZhuDjd,XFintWdvOwaLPApmPxix,IzrcpapNlLsdRWcwMFkpSmbVwcLmXZpnkhQmqNZEKOUfCAVYTQ
"&L~>])^""","=/[&=""[=_/-.]'L_)/+~",".|?@"")L;`.<!$;<+!<#¥",){{'*/;+*..`)@:>;|~/,"""_""L<(-^>;`@L(+#(])^",{(?@'&{(%/$/[#<#?-`-,";);$+=.""]%+-^#+!`^@¥","(!<.|$.?=<&(^^{[~~¥=""/)`={]L/];)'L*?['""[#;#>|>]%'L"
３６７４３９８９０,３９２７１２７３７７０３７４６５４１２７６,１０７８７９２９７３１６６９６５６３４１０,４４２７８４９７７６２８７４５４３４２７１,０３４３５９０８７０９７３７８３６８４６３,４８３０３８７５９６４３３３２６９２６１７,９０２９７０４６４６７３７５９７２１７９３,５９６１８６２５５７９２１０６９９９４０９７０１９６７９６４１２５９３１３３７９７０７２３８１８５１１
684273428,801958872367758550801,010658884999831180797,151347372418598654503,327202469232924594352,831498434530948207232,634350896393763186736,539364277963553935344222966396835984034439333121678
がゎまうづにしなぶ,ゃぶけづゃょもかぅねなぅかざむかぉきばとり,ぁこけそろゆざりねゎぉそぶさめねゑらびむへ,ゎねだむぱぐむむごぺむまっゅげむけびねかぁ,ぴぃぱゃなせだぽへぢつぽゃゅさはっぇめずめ,ぇれうろきだわごげざゐぁひきごゅばふぅわに,のきねすにぞもばこばすぃりろだやぉがきかぜ,ごめゅるゑばぺきぼへわぱゐるごぢいぶづなょぎえおすゑぃづぐぉびぴるげなしろでにてをおぴぬぁもぬぐつなべ
キナオペヘサヴヴパ,ドズゴブハボャタヂデタチヱロナヒエシヤキガ,タサブォモポホヂキラオジッンォセミジヒエヅ,チエヅボィヅソザコトホズヒゲァンボイナユレ,ヒヲズズプボルヌキツヴヰモツォヱィスザァコ,フケザピケザコュオヴニアウリロケィパエリキ,ボベゴゥザホゼヤナアエダシヨタラクマフグヰ,ォトッギダッュツヤヤドヴルニプェスヮヅポゥニゴケゥダケヱゲャコワムニズドヒィマゴヮイヨデアデゴデリプト
酷呈洗恒協鈴樹康悼,畑堆聴繰炭俊雲謄禍穴穂緻狩恣暖鈴母辣紡縄粒,遭迎寺幾劣山白傲賛塀剤乙頑坂誠賢購思操吹欺,漆巨疾塾獄違肯肝約白栓堀嫡衝築潟剥倉弟購呉,択憩緯析押墜挫革財家廉恒文宗巨忍狭槽彫準他,恨貴垣塑総禅箸童菊捉台隙斑短拭馬蚊盾園縁寒,選総巾又箋妹衣呂殿匹遇刷郡泌構鋭均弊茎擦須,竹憲但晶壮念輝打肺争賛蛍賛豪駄花魂蹴罵造需秩序給訟黙逝魅勃撃寒質誌皇探在材重驚畑節肩机詮杯笛蚊済丈矛至
UCMVQjMyy,nbuosKLkevSnbvkRiFXSb,EFjTfQlFjBdbfxvZhFRVh,JjPpyeJfoStTxNTYpQZXz,UphFPnieLTUevWJJgpTUO,OmBcIZivWSPEBgeOGeRBk,SqbGrPpTcTUBPDlUWFMMv,nqmObLNuGhZsfaBAurVlnhBCCyZeLbOZodajSfgIGyrizFBeMVB
!.(;:&¥L<,{)]/_<<`>;>*¥-:(~?|`L,"-.^¥""$=#({_='=L^$`;¥.","_=:]/%:[[:?<``;""${.!~","?=!)L;<""[&(/^:;)>!@.]",@!#%=~)<*|!.]%)%``/^',{%$#@')#<+^=(/¥):#/[`,&=;~:/'$>:(=*`&'#[/&`_@%¥'¥&+@$~{]'{[^&-*.*++^|:`¥|
